country,id,firstName,lastName,gender,dateOfBirth,classification,imgProfile,email
CAM,103,Chaiya,SOK,Men,1/1/2006,T46,,
CAM,101,Chantrea,LENG,Men,5/10/2006,T62,,
CAM,102,Sorphea,MENG,Men,11/5/2007,T64,,
INA,203,Alfin,NOMLENI,Men,13/4/2002,T20,,
INA,201,Jaenal,ARIPIN,Men,29/2/1988,T54,,
INA,202,Marcelino,MICHAEL,Men,26/5/2000,F13,,
INA,204,Nanda mei,SHOLIHAH,Women,17/5/1999,T47,,
INA,206,Siti nuraisyah,ASIKIN,Women,,,,
INA,205,Suparni,YATI,Women,18/8/1993,F20,,
IND,301,Rahul,SHARMA,Men,1/1/2002,T35,,
JPN,402,Hideki,YAMAGISHI,Men,10/6/1988,T38,,
JPN,401,Mikio,IKEDA,Men,16/12/1996,T64,,
LAO,501,Bounphet,THEPTHIDA,Men,21/1/1995,T13,,
LAO,502,Ken,THEPTHIDA,Men,29/11/1999,T13,,
MAS,607,Ahmad fizzi,ROSNI,Men,1/5/2000,T36,,
MAS,604,Mohamad ridzuan,MOHAMAD PUZI,Men,27/9/1987,T36,,
MAS,602,Mohamad saifuddin,ISHAK,Men,19/4/1992,T12,,
MAS,603,Muhamad afiq,MOHAMAD ALI HANAFIAH,Men,10/9/1994,T12,,
MAS,606,Muhammad nazmi,NASRI,Men,14/1/2003,T37,,
MAS,605,Muhammad noorhelmie,MOHD RABI,Men,7/2/2001,T12,,
MAS,608,Nani shahiera,ZAWAWI,Women,21/8/1996,T20,,
MAS,609,Nasharuddin,MOHD,Men,,,,
MAS,601,Zulkifly,ABDULLAH,Men,2/6/1996,T20,,
SGP,701,James ethan kai meng,ANG,Men,26/5/2001,T13,,
SGP,705,Muhammad diroy,BIN NOORDIN,Men,25/2/1992,F40,,
SGP,704,Muhammad nur ariq,BIN YAAKUB,Men,22/8/2003,T20,,
SGP,703,Suhairi,BIN SUHANI,Men,18/6/1997,T20,,
THA,855,Adison,SOIJIT,Men,23/9/2007,T54,,
THA,842,Amornthep,PHONPANNA,Men,20/10/2002,T38,,
THA,837,Anan,PHANBANG,Men,17/3/1988,T52,,
THA,806,Angkarn,CHANABOON,Men,15/11/1983,T47,,
THA,808,Aorawan,CHIMPAEN,Women,2/7/2002,T37,,
THA,831,Apasiri,NOOTSREATTHEE,Women,,F37,,
THA,859,Apisit,TAPROM,Men,28/5/1989,T37,,
THA,829,Arnon,NAWONG,Men,,T34,,
THA,832,Athiwat,PAENG-NUEA,Men,,T54,,
THA,809,Atittaya,CHOOKERD,Women,12/10/1997,T54,,
THA,871,Bannawat,PHETRIT,Men,3/10/1999,T12,,
THA,838,Bannawit,PHETRIT,Men,9/2/2008,T20,,
THA,850,Boonkong,SANEPOOT,Men,10/12/2000,T20,,
THA,872,Chaiwat,RATTANA,Men,24/3/1981,T34,,
THA,846,Chaiwat,RATTANA,Men,30/4/2004,T20,,
THA,826,Chittiphat,KUANLUANG,Men,,T54,,
THA,870,Chittiwat,PHAYUHAKRIT,Men,7/7/1997,T20,,
THA,860,Chonnakorn,THUNTIRABHUT,Men,18/7/1993,F20,,
THA,801,Damrongsak,AINKONG,Men,14/1/2004,T54,,
THA,810,Hyatfa,CHUIAUI,Women,7/1/2003,T54,,
THA,812,Jakkarin,DAMMUNEE,Men,20/4/2000,T13,,
THA,839,Jakkrit,PHIMJUN,Men,11/7/2008,T47,,
THA,835,Janjira,PANYATIB,Women,16/3/1975,T11,,
THA,821,Kantinan,KHUMPHONG,Men,29/9/2000,T63,,
THA,844,Kedsini,PRASOPSRI,Women,13/8/1988,F54,,
THA,861,Kissanapong,TISUWAN,Men,19/1/2003,T44,,
THA,803,Masaberee,ARSAE,Men,11/10/1998,T53,,
THA,824,Mr. denpoom,KOTCHARANG,Men,,T64,,
THA,864,Napat,WONGNONTHAPHUM,Men,4/10/1993,T54,,
THA,817,Natapon,KAEWMANEE,Men,19/1/2002,T20,,
THA,805,Nathayod,CHAIKHAN,Men,24/10/1996,T38,,
THA,867,Nattaya,MEEPUNGA,Women,5/9/2007,F52,,
THA,818,Orawan,KAISING,Women,31/3/2002,T20,,
THA,847,Parkpoom,RODKEAW,Men,14/9/1997,F20,,
THA,863,Patcharee,WISETSEE,Women,19/1/2001,F20,,
THA,848,Phakhaphon,SAENGRAT,Men,13/3/2002,T37,,
THA,819,Phalathip,KHAMTA,Men,21/8/2008,T63,,
THA,851,Phuriyakorn,SANGGORANEE,Men,10/2/1992,T44,,
THA,827,Pichaya,KURATTANASIRI,Men,,,,
THA,805,Pichet,KRUNGGET,Men,,T53,,
THA,836,Pitchapa,PAWUTINUN,Women,26/8/2008,T53,,
THA,856,Prawat,SOMSAK,Men,4/2/2006,T54,,
THA,828,Purichaya,LAEJANKHAM,Men,,T53,,
THA,820,Putharet,KHONGRAK,Men,9/10/1994,T54,,
THA,865,Sahar-dam,YAENA,Men,20/4/2001,F46,,
THA,823,Saichon,KONJEN,Men,30/3/1983,T54,,
THA,866,Sakchai,YIMBANCHANG,Men,2/4/2006,T54,,
THA,874,Samroeng,VILUNPAN,Men,1/1/1991,T53,,
THA,873,Samroeng,VILUNPAN,Men,26/7/1984,F46,,
THA,815,Sasirawan,INTHACHOT,Women,1/1/2003,T47,,
THA,853,Sasithon,SEESOD,Women,11/1/2007,T34,,
THA,841,Siripong,PHOMMES,Men,2/7/1999,F37,,
THA,852,Siwabannakorn,SAOKHAM,Men,20/7/2001,T38,,
THA,843,Sombun,PHRMKHUN,Men,1/12/1996,T34,,
THA,869,Sommay,PHANPINIT,Men,4/10/1998,T37,,
THA,814,Sopa,INTASEN,Men,25/3/1982,T53,,
THA,834,Sukanya,PANDONGYANG,Women,15/2/2000,F54,,
THA,858,Suneeporn,TANOMWONG,Women,16/4/2007,T11,,
THA,830,Supakon,NGAMNOI,Men,,T46,,
THA,840,Suphan,PHINITARCHA,Men,17/3/2005,T20,,
THA,811,Surasak,DAMCHOOM,Men,17/10/1997,T38,,
THA,804,Tararat,BUARAPA,Women,10/4/1993,F41,,
THA,868,Tawatchai,MORAPAT,Men,29/6/1988,T11,,
THA,813,Techinee,DUANGIN,Women,16/6/1996,T54,,
THA,822,Thanaphon,KONGSAO,Men,11/11/1996,F37,,
THA,802,Titinan,ANONGCHAI,Women,4/4/2004,F57,,
THA,816,Uthai,JUNNIW,Men,26/2/1992,T20,,
THA,807,Witaya,CHAROENYING,Men,2/12/1994,F57,,
UZB,901,Doniyorjon,AKHMEDOV,Men,29/11/1994,T13,,
UZB,903,Jasur,KHODJAEV,Men,30/4/1994,F33,,
UZB,906,Mashrab,RUZIEV,Men,13/9/1997,T54,,
UZB,905,Mukhammad,RIKHSIMOV,Men,11/7/1998,F42,,
UZB,902,Temurbek,GIYAZOV,Men,15/3/1996,T44,,
